State,COUNTY,Number of Colleges
TX,ACADIA,0
TX,ANGELINA,2
TX,ASCENSION,0
TX,BASTROP,1
TX,BAXTER,0
TX,BEE,1
TX,BELL,6
TX,BENTON,0
TX,BEXAR,47
TX,BOONE,0
TX,BOSSIER,0
TX,BOWIE,5
TX,BRAZORIA,4
TX,BRAZOS,4
TX,BREWSTER,1
TX,BROWN,1
TX,BRYAN,0
TX,CADDO,0
TX,CALCASIEU,0
TX,CALHOUN,0
TX,CAMERON,7
TX,CANADIAN,0
TX,CARTER,0
TX,CHEROKEE,2
TX,CLARK,0
TX,CLEVELAND,0
TX,COLLIN,3
TX,COLUMBIA,0
TX,COMAL,2
TX,COMANCHE,0
TX,CONWAY,0
TX,COOKE,1
TX,CORYELL,1
TX,CRAIGHEAD,0
TX,CREEK,0
TX,CRITTENDEN,0
TX,CROSS,0
TX,CUSTER,0
TX,DALLAS,62
TX,DELAWARE,0
TX,DENTON,4
TX,DONLEY,1
TX,DREW,0
TX,EAST BATON ROUGE,0
TX,EASTLAND,2
TX,ECTOR,2
TX,EL PASO,14
TX,ELLIS,1
TX,ERATH,1
TX,FAULKNER,0
TX,FORT BEND,2
TX,GALVESTON,4
TX,GARFIELD,0
TX,GARLAND,0
TX,GRADY,0
TX,GRAYSON,3
TX,GREENE,0
TX,GREGG,3
TX,GUADALUPE,2
TX,HALE,1
TX,HARDIN,1
TX,HARRIS,72
TX,HARRISON,2
TX,HAYS,2
TX,HEMPSTEAD,0
TX,HENDERSON,1
TX,HIDALGO,17
TX,HILL,1
TX,HOCKLEY,1
TX,HOT SPRING,0
TX,HOWARD,2
TX,HUGHES,0
TX,HUNT,2
TX,HUTCHINSON,1
TX,IBERIA,0
TX,INDEPENDENCE,0
TX,IZARD,0
TX,JACKSON,0
TX,JASPER,1
TX,JEFFERSON,6
TX,JOHNSON,1
TX,JOHNSTON,0
TX,KAUFMAN,1
TX,KAY,0
TX,KERR,2
TX,KINGFISHER,0
TX,KLEBERG,1
TX,LAFAYETTE,0
TX,LAFOURCHE,0
TX,LAMAR,1
TX,LATIMER,0
TX,LAWRENCE,0
TX,LE FLORE,0
TX,LINCOLN,0
TX,LIVINGSTON,0
TX,LOGAN,0
TX,LUBBOCK,7
TX,MAVERICK,1
TX,MAYES,0
TX,MCCLAIN,0
TX,MCCURTAIN,0
TX,MCLENNAN,5
TX,MIDLAND,1
TX,MISSISSIPPI,0
TX,MONTGOMERY,2
TX,MUSKOGEE,0
TX,NACOGDOCHES,1
TX,NATCHITOCHES,0
TX,NAVARRO,1
TX,NUECES,5
TX,OKLAHOMA,0
TX,OKMULGEE,0
TX,ORANGE,1
TX,ORLEANS,0
TX,OTTAWA,0
TX,OUACHITA,0
TX,PANOLA,1
TX,PARKER,1
TX,PAYNE,0
TX,PHILLIPS,0
TX,PITTSBURG,0
TX,POLK,0
TX,PONTOTOC,0
TX,POPE,0
TX,POTTAWATOMIE,0
TX,POTTER,6
TX,PULASKI,0
TX,RANDALL,1
TX,RANDOLPH,0
TX,RAPIDES,0
TX,ROGERS,0
TX,SAN PATRICIO,1
TX,SCURRY,1
TX,SEBASTIAN,0
TX,SEMINOLE,0
TX,SEVIER,0
TX,SMITH,4
TX,ST. BERNARD,0
TX,ST. FRANCIS,0
TX,ST. LANDRY,0
TX,ST. TAMMANY,0
TX,STEPHENS,0
TX,TANGIPAHOA,0
TX,TARRANT,29
TX,TAYLOR,5
TX,TERREBONNE,0
TX,TEXAS,0
TX,TITUS,1
TX,TOM GREEN,2
TX,TRAVIS,25
TX,TULSA,0
TX,UNION,0
TX,UVALDE,1
TX,VICTORIA,4
TX,WALKER,2
TX,WALLER,1
TX,WASHINGTON,3
TX,WASHITA,0
TX,WEBB,5
TX,WEBSTER,0
TX,WHARTON,1
TX,WHITE,0
TX,WICHITA,1
TX,WILBARGER,1
TX,WILLIAMSON,6
TX,WOOD,1
TX,WOODS,0
TX,WOODWARD,0
LA,ACADIA,1
LA,ANGELINA,0
LA,ASCENSION,1
LA,BASTROP,0
LA,BAXTER,0
LA,BEE,0
LA,BELL,0
LA,BENTON,0
LA,BEXAR,0
LA,BOONE,0
LA,BOSSIER,3
LA,BOWIE,0
LA,BRAZORIA,0
LA,BRAZOS,0
LA,BREWSTER,0
LA,BROWN,0
LA,BRYAN,0
LA,CADDO,12
LA,CALCASIEU,5
LA,CALHOUN,0
LA,CAMERON,0
LA,CANADIAN,0
LA,CARTER,0
LA,CHEROKEE,0
LA,CLARK,0
LA,CLEVELAND,0
LA,COLLIN,0
LA,COLUMBIA,0
LA,COMAL,0
LA,COMANCHE,0
LA,CONWAY,0
LA,COOKE,0
LA,CORYELL,0
LA,CRAIGHEAD,0
LA,CREEK,0
LA,CRITTENDEN,0
LA,CROSS,0
LA,CUSTER,0
LA,DALLAS,0
LA,DELAWARE,0
LA,DENTON,0
LA,DONLEY,0
LA,DREW,0
LA,EAST BATON ROUGE,22
LA,EASTLAND,0
LA,ECTOR,0
LA,EL PASO,0
LA,ELLIS,0
LA,ERATH,0
LA,FAULKNER,0
LA,FORT BEND,0
LA,GALVESTON,0
LA,GARFIELD,0
LA,GARLAND,0
LA,GRADY,0
LA,GRAYSON,0
LA,GREENE,0
LA,GREGG,0
LA,GUADALUPE,0
LA,HALE,0
LA,HARDIN,0
LA,HARRIS,0
LA,HARRISON,0
LA,HAYS,0
LA,HEMPSTEAD,0
LA,HENDERSON,0
LA,HIDALGO,0
LA,HILL,0
LA,HOCKLEY,0
LA,HOT SPRING,0
LA,HOWARD,0
LA,HUGHES,0
LA,HUNT,0
LA,HUTCHINSON,0
LA,IBERIA,1
LA,INDEPENDENCE,0
LA,IZARD,0
LA,JACKSON,0
LA,JASPER,0
LA,JEFFERSON,9
LA,JOHNSON,0
LA,JOHNSTON,0
LA,KAUFMAN,0
LA,KAY,0
LA,KERR,0
LA,KINGFISHER,0
LA,KLEBERG,0
LA,LAFAYETTE,10
LA,LAFOURCHE,1
LA,LAMAR,0
LA,LATIMER,0
LA,LAWRENCE,0
LA,LE FLORE,0
LA,LINCOLN,2
LA,LIVINGSTON,1
LA,LOGAN,0
LA,LUBBOCK,0
LA,MAVERICK,0
LA,MAYES,0
LA,MCCLAIN,0
LA,MCCURTAIN,0
LA,MCLENNAN,0
LA,MIDLAND,0
LA,MISSISSIPPI,0
LA,MONTGOMERY,0
LA,MUSKOGEE,0
LA,NACOGDOCHES,0
LA,NATCHITOCHES,1
LA,NAVARRO,0
LA,NUECES,0
LA,OKLAHOMA,0
LA,OKMULGEE,0
LA,ORANGE,0
LA,ORLEANS,14
LA,OTTAWA,0
LA,OUACHITA,9
LA,PANOLA,0
LA,PARKER,0
LA,PAYNE,0
LA,PHILLIPS,0
LA,PITTSBURG,0
LA,POLK,0
LA,PONTOTOC,0
LA,POPE,0
LA,POTTAWATOMIE,0
LA,POTTER,0
LA,PULASKI,0
LA,RANDALL,0
LA,RANDOLPH,0
LA,RAPIDES,6
LA,ROGERS,0
LA,SAN PATRICIO,0
LA,SCURRY,0
LA,SEBASTIAN,0
LA,SEMINOLE,0
LA,SEVIER,0
LA,SMITH,0
LA,ST. BERNARD,1
LA,ST. FRANCIS,0
LA,ST. LANDRY,2
LA,ST. TAMMANY,5
LA,STEPHENS,0
LA,TANGIPAHOA,2
LA,TARRANT,0
LA,TAYLOR,0
LA,TERREBONNE,6
LA,TEXAS,0
LA,TITUS,0
LA,TOM GREEN,0
LA,TRAVIS,0
LA,TULSA,0
LA,UNION,0
LA,UVALDE,0
LA,VICTORIA,0
LA,WALKER,0
LA,WALLER,0
LA,WASHINGTON,0
LA,WASHITA,0
LA,WEBB,0
LA,WEBSTER,1
LA,WHARTON,0
LA,WHITE,0
LA,WICHITA,0
LA,WILBARGER,0
LA,WILLIAMSON,0
LA,WOOD,0
LA,WOODS,0
LA,WOODWARD,0
OK,ACADIA,0
OK,ANGELINA,0
OK,ASCENSION,0
OK,BASTROP,0
OK,BAXTER,0
OK,BEE,0
OK,BELL,0
OK,BENTON,0
OK,BEXAR,0
OK,BOONE,0
OK,BOSSIER,0
OK,BOWIE,0
OK,BRAZORIA,0
OK,BRAZOS,0
OK,BREWSTER,0
OK,BROWN,0
OK,BRYAN,3
OK,CADDO,1
OK,CALCASIEU,0
OK,CALHOUN,0
OK,CAMERON,0
OK,CANADIAN,3
OK,CARTER,2
OK,CHEROKEE,2
OK,CLARK,0
OK,CLEVELAND,5
OK,COLLIN,0
OK,COLUMBIA,0
OK,COMAL,0
OK,COMANCHE,4
OK,CONWAY,0
OK,COOKE,0
OK,CORYELL,0
OK,CRAIGHEAD,0
OK,CREEK,1
OK,CRITTENDEN,0
OK,CROSS,0
OK,CUSTER,1
OK,DALLAS,0
OK,DELAWARE,1
OK,DENTON,0
OK,DONLEY,0
OK,DREW,0
OK,EAST BATON ROUGE,0
OK,EASTLAND,0
OK,ECTOR,0
OK,EL PASO,0
OK,ELLIS,0
OK,ERATH,0
OK,FAULKNER,0
OK,FORT BEND,0
OK,GALVESTON,0
OK,GARFIELD,2
OK,GARLAND,0
OK,GRADY,1
OK,GRAYSON,0
OK,GREENE,0
OK,GREGG,0
OK,GUADALUPE,0
OK,HALE,0
OK,HARDIN,0
OK,HARRIS,0
OK,HARRISON,0
OK,HAYS,0
OK,HEMPSTEAD,0
OK,HENDERSON,0
OK,HIDALGO,0
OK,HILL,0
OK,HOCKLEY,0
OK,HOT SPRING,0
OK,HOWARD,0
OK,HUGHES,1
OK,HUNT,0
OK,HUTCHINSON,0
OK,IBERIA,0
OK,INDEPENDENCE,0
OK,IZARD,0
OK,JACKSON,2
OK,JASPER,0
OK,JEFFERSON,0
OK,JOHNSON,0
OK,JOHNSTON,1
OK,KAUFMAN,0
OK,KAY,3
OK,KERR,0
OK,KINGFISHER,1
OK,KLEBERG,0
OK,LAFAYETTE,0
OK,LAFOURCHE,0
OK,LAMAR,0
OK,LATIMER,1
OK,LAWRENCE,0
OK,LE FLORE,2
OK,LINCOLN,0
OK,LIVINGSTON,0
OK,LOGAN,1
OK,LUBBOCK,0
OK,MAVERICK,0
OK,MAYES,2
OK,MCCLAIN,1
OK,MCCURTAIN,1
OK,MCLENNAN,0
OK,MIDLAND,0
OK,MISSISSIPPI,0
OK,MONTGOMERY,0
OK,MUSKOGEE,3
OK,NACOGDOCHES,0
OK,NATCHITOCHES,0
OK,NAVARRO,0
OK,NUECES,0
OK,OKLAHOMA,17
OK,OKMULGEE,3
OK,ORANGE,0
OK,ORLEANS,0
OK,OTTAWA,2
OK,OUACHITA,0
OK,PANOLA,0
OK,PARKER,0
OK,PAYNE,2
OK,PHILLIPS,0
OK,PITTSBURG,3
OK,POLK,0
OK,PONTOTOC,2
OK,POPE,0
OK,POTTAWATOMIE,4
OK,POTTER,0
OK,PULASKI,0
OK,RANDALL,0
OK,RANDOLPH,0
OK,RAPIDES,0
OK,ROGERS,2
OK,SAN PATRICIO,0
OK,SCURRY,0
OK,SEBASTIAN,0
OK,SEMINOLE,1
OK,SEVIER,0
OK,SMITH,0
OK,ST. BERNARD,0
OK,ST. FRANCIS,0
OK,ST. LANDRY,0
OK,ST. TAMMANY,0
OK,STEPHENS,1
OK,TANGIPAHOA,0
OK,TARRANT,0
OK,TAYLOR,0
OK,TERREBONNE,0
OK,TEXAS,1
OK,TITUS,0
OK,TOM GREEN,0
OK,TRAVIS,0
OK,TULSA,16
OK,UNION,0
OK,UVALDE,0
OK,VICTORIA,0
OK,WALKER,0
OK,WALLER,0
OK,WASHINGTON,1
OK,WASHITA,1
OK,WEBB,0
OK,WEBSTER,0
OK,WHARTON,0
OK,WHITE,0
OK,WICHITA,0
OK,WILBARGER,0
OK,WILLIAMSON,0
OK,WOOD,0
OK,WOODS,2
OK,WOODWARD,2
AR,ACADIA,0
AR,ANGELINA,0
AR,ASCENSION,0
AR,BASTROP,0
AR,BAXTER,2
AR,BEE,0
AR,BELL,0
AR,BENTON,5
AR,BEXAR,0
AR,BOONE,1
AR,BOSSIER,0
AR,BOWIE,0
AR,BRAZORIA,0
AR,BRAZOS,0
AR,BREWSTER,0
AR,BROWN,0
AR,BRYAN,0
AR,CADDO,0
AR,CALCASIEU,0
AR,CALHOUN,1
AR,CAMERON,0
AR,CANADIAN,0
AR,CARTER,0
AR,CHEROKEE,0
AR,CLARK,2
AR,CLEVELAND,0
AR,COLLIN,0
AR,COLUMBIA,1
AR,COMAL,0
AR,COMANCHE,0
AR,CONWAY,1
AR,COOKE,0
AR,CORYELL,0
AR,CRAIGHEAD,2
AR,CREEK,0
AR,CRITTENDEN,1
AR,CROSS,1
AR,CUSTER,0
AR,DALLAS,0
AR,DELAWARE,0
AR,DENTON,0
AR,DONLEY,0
AR,DREW,1
AR,EAST BATON ROUGE,0
AR,EASTLAND,0
AR,ECTOR,0
AR,EL PASO,0
AR,ELLIS,0
AR,ERATH,0
AR,FAULKNER,4
AR,FORT BEND,0
AR,GALVESTON,0
AR,GARFIELD,0
AR,GARLAND,3
AR,GRADY,0
AR,GRAYSON,0
AR,GREENE,1
AR,GREGG,0
AR,GUADALUPE,0
AR,HALE,0
AR,HARDIN,0
AR,HARRIS,0
AR,HARRISON,0
AR,HAYS,0
AR,HEMPSTEAD,1
AR,HENDERSON,0
AR,HIDALGO,0
AR,HILL,0
AR,HOCKLEY,0
AR,HOT SPRING,1
AR,HOWARD,0
AR,HUGHES,0
AR,HUNT,0
AR,HUTCHINSON,0
AR,IBERIA,0
AR,INDEPENDENCE,2
AR,IZARD,1
AR,JACKSON,1
AR,JASPER,0
AR,JEFFERSON,5
AR,JOHNSON,1
AR,JOHNSTON,0
AR,KAUFMAN,0
AR,KAY,0
AR,KERR,0
AR,KINGFISHER,0
AR,KLEBERG,0
AR,LAFAYETTE,0
AR,LAFOURCHE,0
AR,LAMAR,0
AR,LATIMER,0
AR,LAWRENCE,1
AR,LE FLORE,0
AR,LINCOLN,0
AR,LIVINGSTON,0
AR,LOGAN,0
AR,LUBBOCK,0
AR,MAVERICK,0
AR,MAYES,0
AR,MCCLAIN,0
AR,MCCURTAIN,0
AR,MCLENNAN,0
AR,MIDLAND,0
AR,MISSISSIPPI,1
AR,MONTGOMERY,0
AR,MUSKOGEE,0
AR,NACOGDOCHES,0
AR,NATCHITOCHES,0
AR,NAVARRO,0
AR,NUECES,0
AR,OKLAHOMA,0
AR,OKMULGEE,0
AR,ORANGE,0
AR,ORLEANS,0
AR,OTTAWA,0
AR,OUACHITA,0
AR,PANOLA,0
AR,PARKER,0
AR,PAYNE,0
AR,PHILLIPS,1
AR,PITTSBURG,0
AR,POLK,1
AR,PONTOTOC,0
AR,POPE,3
AR,POTTAWATOMIE,0
AR,POTTER,0
AR,PULASKI,25
AR,RANDALL,0
AR,RANDOLPH,1
AR,RAPIDES,0
AR,ROGERS,0
AR,SAN PATRICIO,0
AR,SCURRY,0
AR,SEBASTIAN,5
AR,SEMINOLE,0
AR,SEVIER,1
AR,SMITH,0
AR,ST. BERNARD,0
AR,ST. FRANCIS,1
AR,ST. LANDRY,0
AR,ST. TAMMANY,0
AR,STEPHENS,0
AR,TANGIPAHOA,0
AR,TARRANT,0
AR,TAYLOR,0
AR,TERREBONNE,0
AR,TEXAS,0
AR,TITUS,0
AR,TOM GREEN,0
AR,TRAVIS,0
AR,TULSA,0
AR,UNION,2
AR,UVALDE,0
AR,VICTORIA,0
AR,WALKER,0
AR,WALLER,0
AR,WASHINGTON,5
AR,WASHITA,0
AR,WEBB,0
AR,WEBSTER,0
AR,WHARTON,0
AR,WHITE,3
AR,WICHITA,0
AR,WILBARGER,0
AR,WILLIAMSON,0
AR,WOOD,0
AR,WOODS,0
AR,WOODWARD,0
