State,City,Number of Prisons
TX,ANTHONY,1
TX,BASTROP,1
TX,BEAUMONT,3
TX,BIG SPRING,2
TX,BRYAN,1
TX,DALLAS,2
TX,EDEN,1
TX,EL RENO,0
TX,FORREST CITY,0
TX,FORT WORTH,2
TX,HOUSTON,1
TX,OAKDALE,0
TX,OKLAHOMA CITY,0
TX,PECOS,2
TX,POLLOCK,0
TX,POST,1
TX,RAYMONDVILLE,1
TX,SEAGOVILLE,1
TX,TEXARKANA,1
TX,THREE RIVERS,1
LA,ANTHONY,0
LA,BASTROP,0
LA,BEAUMONT,0
LA,BIG SPRING,0
LA,BRYAN,0
LA,DALLAS,0
LA,EDEN,0
LA,EL RENO,0
LA,FORREST CITY,0
LA,FORT WORTH,0
LA,HOUSTON,0
LA,OAKDALE,2
LA,OKLAHOMA CITY,0
LA,PECOS,0
LA,POLLOCK,2
LA,POST,0
LA,RAYMONDVILLE,0
LA,SEAGOVILLE,0
LA,TEXARKANA,0
LA,THREE RIVERS,0
AR,ANTHONY,0
AR,BASTROP,0
AR,BEAUMONT,0
AR,BIG SPRING,0
AR,BRYAN,0
AR,DALLAS,0
AR,EDEN,0
AR,EL RENO,0
AR,FORREST CITY,2
AR,FORT WORTH,0
AR,HOUSTON,0
AR,OAKDALE,0
AR,OKLAHOMA CITY,0
AR,PECOS,0
AR,POLLOCK,0
AR,POST,0
AR,RAYMONDVILLE,0
AR,SEAGOVILLE,0
AR,TEXARKANA,0
AR,THREE RIVERS,0
OK,ANTHONY,0
OK,BASTROP,0
OK,BEAUMONT,0
OK,BIG SPRING,0
OK,BRYAN,0
OK,DALLAS,0
OK,EDEN,0
OK,EL RENO,1
OK,FORREST CITY,0
OK,FORT WORTH,0
OK,HOUSTON,0
OK,OAKDALE,0
OK,OKLAHOMA CITY,1
OK,PECOS,0
OK,POLLOCK,0
OK,POST,0
OK,RAYMONDVILLE,0
OK,SEAGOVILLE,0
OK,TEXARKANA,0
OK,THREE RIVERS,0
