COUNTY,Count
Benton,7
Washington,6
Cleburne,4
Faulkner,4
Independence,4
Lonoke,4
Columbia,3
Conway,3
Craighead,3
Crawford,3
Greene,3
Howard,3
Lawrence,3
Logan,3
Poinsett,3
Polk,3
White,3
Ashley,2
Boone,2
Carroll,2
Clay,2
Fulton,2
Garland,2
Hot Spring,2
Jackson,2
Little River,2
Miller,2
Mississippi,2
Perry,2
Pulaski,2
Sebastian,2
Sevier,2
Stone,2
Van Buren,2
Arkansas,1
Baxter,1
Chicot,1
Cleveland,1
Cross,1
Franklin,1
Grant,1
Hempstead,1
Jefferson,1
Johnson,1
Lee,1
Lincoln,1
Madison,1
Marion,1
Montgomery,1
Nevada,1
Pope,1
Prairie,1
Sharp,1
St. Francis,1
Union,1
