ParishName,Count
St. Tammany,7
Acadia,6
Avoyelles,6
Calcasieu,6
Lafourche,6
Washington,6
East Baton Rouge,5
Lafayette,5
Allen,4
Jefferson Davis,4
Livingston,4
Ouachita,4
Rapides,4
St. Landry,4
Tangipahoa,4
Ascension,3
Jackson,3
Lincoln,3
Sabine,3
St. Mary,3
Vermilion,3
Vernon,3
Webster,3
Cameron,2
Evangeline,2
Morehouse,2
Natchitoches,2
St. Martin,2
Beauregard,1
Bienville,1
Catahoula,1
Claiborne,1
Franklin,1
Grant,1
Iberville,1
LaSalle,1
Plaquemines,1
Pointe Coupee,1
Union,1
Winn,1
