name,Count
Harris,95
Collin,43
Hidalgo,42
Dallas,34
Hays,30
Bell,28
Bexar,28
Tarrant,28
Fort Bend,24
Grayson,23
Brazoria,22
McLennan,22
Galveston,21
Denton,20
Parmer,18
Travis,18
Angelina,17
Lubbock,17
Atascosa,15
Montgomery,15
Bastrop,14
Anderson,12
Bowie,12
Fannin,12
Fayette,12
Williamson,12
Ellis,11
Jefferson,11
Liberty,11
Parker,11
Brown,10
Cameron,10
Van Zandt,10
Wharton,10
Guadalupe,9
Hood,9
Johnson,9
Nueces,9
Potter,9
Smith,9
Upshur,9
Wilson,9
Cass,8
Cherokee,8
Comal,8
Coryell,8
Gonzales,8
Gregg,8
Hockley,8
San Patricio,8
Webb,8
Armstrong,7
Austin,7
Bee,7
Burnet,7
Cooke,7
Hardin,7
Hopkins,7
Hunt,7
Jasper,7
Karnes,7
Kaufman,7
Matagorda,7
Nacogdoches,7
Randall,7
Rusk,7
Wichita,7
Wise,7
Callahan,6
Carson,6
Eastland,6
Ector,6
Erath,6
Palo Pinto,6
Swisher,6
Tom Green,6
Uvalde,6
Victoria,6
Wood,6
Aransas,5
Bandera,5
Brazos,5
Chambers,5
Childress,5
Comanche,5
Dawson,5
DeWitt,5
Gillespie,5
Grimes,5
Hill,5
Jim Wells,5
Jones,5
Kerr,5
Lamar,5
Lynn,5
Montague,5
Red River,5
Runnels,5
Shelby,5
Tyler,5
Washington,5
Wheeler,5
Wilbarger,5
Bosque,4
Caldwell,4
Coleman,4
Colorado,4
El Paso,4
Floyd,4
Freestone,4
Harrison,4
Henderson,4
Houston,4
Howard,4
Kendall,4
Lamb,4
Lavaca,4
Leon,4
Lipscomb,4
Marion,4
Medina,4
Milam,4
Mitchell,4
Navarro,4
Oldham,4
Rockwall,4
Taylor,4
Terry,4
Archer,3
Bailey,3
Blanco,3
Burleson,3
Clay,3
Cochran,3
Coke,3
Crosby,3
Donley,3
Duval,3
Frio,3
Gaines,3
Hale,3
Hartley,3
Jackson,3
Lampasas,3
Lee,3
Limestone,3
Live Oak,3
Maverick,3
McCulloch,3
Newton,3
Nolan,3
Pecos,3
Polk,3
Refugio,3
Scurry,3
Starr,3
Trinity,3
Walker,3
Young,3
Baylor,2
Briscoe,2
Castro,2
Fisher,2
Gray,2
Hansford,2
Haskell,2
Hutchinson,2
Jack,2
Kleberg,2
Knox,2
Llano,2
Madison,2
Martin,2
McMullen,2
Midland,2
Mills,2
Moore,2
Morris,2
Motley,2
Ochiltree,2
Orange,2
Real,2
Roberts,2
Sabine,2
San Augustine,2
San Jacinto,2
San Saba,2
Shackelford,2
Somervell,2
Stephens,2
Stonewall,2
Throckmorton,2
Titus,2
Waller,2
Andrews,1
Borden,1
Brewster,1
Calhoun,1
Camp,1
Collingsworth,1
Cottle,1
Crane,1
Crockett,1
Dallam,1
Deaf Smith,1
Dickens,1
Dimmit,1
Edwards,1
Foard,1
Franklin,1
Garza,1
Glasscock,1
Hall,1
Hamilton,1
Hardeman,1
Hemphill,1
Hudspeth,1
Irion,1
Jeff Davis,1
Jim Hogg,1
Kent,1
Kimble,1
Mason,1
Menard,1
Panola,1
Presidio,1
Rains,1
Reagan,1
Reeves,1
Schleicher,1
Sherman,1
Sterling,1
Sutton,1
Willacy,1
Winkler,1
Yoakum,1
Zapata,1
Zavala,1
