COUNTY_NAM,Count
TULSA,9
OKLAHOMA,6
POTTAWATOMIE,5
BRYAN,4
COMANCHE,4
MCCURTAIN,4
PAYNE,4
CANADIAN,3
CLEVELAND,3
GARVIN,3
HUGHES,3
KAY,3
LINCOLN,3
MCCLAIN,3
ROGERS,3
ATOKA,2
CHEROKEE,2
COTTON,2
CRAIG,2
CREEK,2
CUSTER,2
DELAWARE,2
GARFIELD,2
GRADY,2
KINGFISHER,2
KIOWA,2
LOGAN,2
MURRAY,2
MUSKOGEE,2
NOBLE,2
OKFUSKEE,2
OSAGE,2
OTTAWA,2
PAWNEE,2
PONTOTOC,2
SEMINOLE,2
STEPHENS,2
WAGONER,2
WASHINGTON,2
BEAVER,1
BECKHAM,1
BLAINE,1
CADDO,1
CHOCTAW,1
ELLIS,1
GRANT,1
GREER,1
HASKELL,1
JACKSON,1
JEFFERSON,1
JOHNSTON,1
LATIMER,1
LEFLORE,1
MAJOR,1
MARSHALL,1
MAYES,1
MCINTOSH,1
NOWATA,1
OKMULGEE,1
PITTSBURG,1
PUSHMATAHA,1
TEXAS,1
TILLMAN,1
