County,countyname,Number of State Prisons
Arkansas,Arkansas,1
Arkansas,Baxter,1
Arkansas,Benton,2
Arkansas,Boone,1
Arkansas,Calhoun,1
Arkansas,Carroll,1
Arkansas,Chicot,1
Arkansas,Clark,1
Arkansas,Clay,1
Arkansas,Cleburne ,1
Arkansas,Columbia,1
Arkansas,Conway ,1
Arkansas,Craighead ,1
Arkansas,Crawford ,1
Arkansas,Crittenden ,1
Arkansas,Cross ,1
Arkansas,Dallas ,1
Arkansas,Drew ,1
Arkansas,Faulkner ,2
Arkansas,Franklin ,1
Arkansas,Fulton ,1
Arkansas,Garland ,1
Arkansas,Grant ,1
Arkansas,Greene ,1
Arkansas,Hempstead ,1
Arkansas,Hot Spring ,3
Arkansas,Howard ,1
Arkansas,Independence ,1
Arkansas,Izard ,2
Arkansas,Jackson ,3
Arkansas,Jefferson ,11
Arkansas,Johnson ,1
Arkansas,Lafayette ,1
Arkansas,Lee ,2
Arkansas,Lincoln ,4
Arkansas,Little River ,1
Arkansas,Logan ,1
Arkansas,Lonoke ,2
Arkansas,Marion ,1
Arkansas,Miller ,3
Arkansas,Mississippi ,4
Arkansas,Monroe ,2
Arkansas,Montgomery ,1
Arkansas,Nevada ,1
Arkansas,Newton ,1
Arkansas,Ouachita ,2
Arkansas,Perry ,1
Arkansas,Phillips ,1
Arkansas,Pike ,1
Arkansas,Poinsett ,1
Arkansas,Polk ,1
Arkansas,Pope ,1
Arkansas,Prairie ,1
Arkansas,Pulaski ,6
Arkansas,Randolph ,1
Arkansas,Saline ,4
Arkansas,Scott ,1
Arkansas,Searcy ,1
Arkansas,Sebastian ,1
Arkansas,Sevier ,1
Arkansas,Sharp ,1
Arkansas,St. Francis ,2
Arkansas,Stone ,1
Arkansas,Union ,2
Arkansas,Van Buren ,1
Arkansas,Washington ,3
Arkansas,Woodruff ,2
