statename,name,Number of Prisons
Texas,Anderson,7
Texas,Angelina,3
Texas,Aransas,1
Texas,Archer,1
Texas,Armstrong,1
Texas,Austin,1
Texas,Bailey,2
Texas,Bandera,1
Texas,Bastrop,2
Texas,Bee,5
Texas,Bell,4
Texas,Bexar,8
Texas,Blanco,1
Texas,Bosque,1
Texas,Bowie,4
Texas,Brazoria,10
Texas,Brazos,3
Texas,Brewster,1
Texas,Brooks,1
Texas,Brown,1
Texas,Burleson,1
Texas,Burnet,1
Texas,Caldwell,2
Texas,Calhoun,1
Texas,Callahan,1
Texas,Cameron,6
Texas,Carson,1
Texas,Cass,1
Texas,Castro,1
Texas,Chambers,1
Texas,Cherokee,3
Texas,Childress,3
Texas,Clay,1
Texas,Cochran,1
Texas,Collin,1
Texas,Collingsworth,1
Texas,Colorado,1
Texas,Comal,1
Texas,Comanche,1
Texas,Concho,1
Texas,Cooke,1
Texas,Coryell,13
Texas,Crane,1
Texas,Crockett,1
Texas,Crosby,1
Texas,Culberson,1
Texas,Dallam,1
Texas,Dallas,15
Texas,Dawson,1
Texas,DeWitt,3
Texas,Deaf Smith,1
Texas,Denton,3
Texas,Dickens,1
Texas,Dimmit,1
Texas,Donley,1
Texas,Duval,1
Texas,Eastland,1
Texas,Ector,1
Texas,Edwards,1
Texas,El Paso,11
Texas,Ellis,1
Texas,Erath,1
Texas,Falls,3
Texas,Fannin,4
Texas,Fayette,1
Texas,Fort Bend,3
Texas,Franklin,1
Texas,Freestone,2
Texas,Frio,4
Texas,Gaines,1
Texas,Galveston,3
Texas,Garza,2
Texas,Gillespie,2
Texas,Goliad,1
Texas,Gonzales,2
Texas,Gray,3
Texas,Grayson,1
Texas,Gregg,4
Texas,Grimes,3
Texas,Guadalupe,1
Texas,Hale,4
Texas,Hall,1
Texas,Hansford,1
Texas,Hardeman,1
Texas,Hardin,1
Texas,Harris,11
Texas,Harrison,3
Texas,Hartley,1
Texas,Haskell,1
Texas,Hays,2
Texas,Hemphill,1
Texas,Henderson,1
Texas,Hidalgo,6
Texas,Hill,1
Texas,Hockley,1
Texas,Hood,1
Texas,Hopkins,1
Texas,Houston,2
Texas,Howard,4
Texas,Hudspeth,1
Texas,Hunt,1
Texas,Hutchinson,1
Texas,Jack,2
Texas,Jackson,1
Texas,Jasper,3
Texas,Jefferson,12
Texas,Jim Hogg,1
Texas,Jim Wells,1
Texas,Johnson,4
Texas,Jones,4
Texas,Karnes,4
Texas,Kaufman,1
Texas,Kendall,2
Texas,Kerr,1
Texas,Kimble,1
Texas,Kinney,1
Texas,Knox,1
Texas,La Salle,3
Texas,Lamar,1
Texas,Lamb,1
Texas,Lampasas,1
Texas,Lavaca,1
Texas,Lee,1
Texas,Leon,1
Texas,Liberty,6
Texas,Limestone,3
Texas,Lipscomb,1
Texas,Live Oak,2
Texas,Lubbock,4
Texas,Lynn,1
Texas,Madison,1
Texas,Marion,1
Texas,Martin,1
Texas,Mason,1
Texas,Matagorda,1
Texas,Maverick,1
Texas,McCulloch,1
Texas,McLennan,2
Texas,Medina,3
Texas,Menard,1
Texas,Midland,2
Texas,Milam,1
Texas,Mills,1
Texas,Mitchell,3
Texas,Montague,1
Texas,Montgomery,3
Texas,Moore,1
Texas,Morris,1
Texas,Nacogdoches,1
Texas,Navarro,1
Texas,Newton,1
Texas,Nolan,1
Texas,Nueces,7
Texas,Ochiltree,1
Texas,Oldham,1
Texas,Orange,1
Texas,Palo Pinto,1
Texas,Panola,1
Texas,Parker,1
Texas,Parmer,1
Texas,Pecos,2
Texas,Polk,4
Texas,Potter,4
Texas,Presidio,1
Texas,Rains,1
Texas,Randall,1
Texas,Red River,1
Texas,Reeves,4
Texas,Refugio,1
Texas,Robertson,1
Texas,Rockwall,1
Texas,Runnels,1
Texas,Rusk,3
Texas,San Jacinto,1
Texas,San Patricio,2
Texas,San Saba,2
Texas,Scurry,2
Texas,Shackelford,1
Texas,Sherman,1
Texas,Smith,2
Texas,Starr,2
Texas,Stephens,2
Texas,Stonewall,1
Texas,Sutton,1
Texas,Swisher,2
Texas,Tarrant,7
Texas,Taylor,1
Texas,Terry,3
Texas,Titus,1
Texas,Tom Green,3
Texas,Travis,5
Texas,Trinity,1
Texas,Tyler,3
Texas,Upshur,1
Texas,Upton,1
Texas,Uvalde,3
Texas,Val Verde,1
Texas,Van Zandt,1
Texas,Victoria,1
Texas,Walker,9
Texas,Waller,1
Texas,Ward,1
Texas,Washington,1
Texas,Webb,4
Texas,Wharton,1
Texas,Wheeler,1
Texas,Wichita,2
Texas,Wilbarger,1
Texas,Willacy,3
Texas,Williamson,2
Texas,Wilson,1
Texas,Winkler,1
Texas,Wise,1
Texas,Wood,2
Texas,Young,1
Texas,Zapata,1
Texas,Zavala,1
